{
  "model": "eegnet",
  "n_channels": 8,
  "n_timepoints": 250,
  "n_classes": 3,
  "emotions": [
    "sad",
    "happy",
    "neutral"
  ],
  "fs": 250,
  "ch_mean": [
    -0.23648183047771454,
    -0.46332621574401855,
    -0.3522009551525116,
    -0.3566901385784149,
    -0.2930130064487457,
    -0.2729488015174866,
    -0.08216193318367004,
    -0.05308360606431961
  ],
  "ch_std": [
    32.524391174316406,
    28.138824462890625,
    25.359025955200195,
    31.54450798034668,
    19.140626907348633,
    70.13577270507812,
    16.91529655456543,
    19.58526611328125
  ]
}