{
  "n_channels": 8,
  "n_timepoints": 125,
  "n_classes": 2,
  "classes": [
    "blink",
    "open"
  ],
  "fs": 250,
  "window_ms": 500,
  "ch_mean": [
    -0.031206628307700157,
    0.3769109547138214,
    1.1714038848876953,
    -1.1693395376205444,
    -12.000072479248047,
    0.7593042254447937,
    -0.00918503850698471,
    0.05807287245988846
  ],
  "ch_std": [
    829.6435546875,
    259.5761413574219,
    83.64313507080078,
    353.09405517578125,
    536.8389892578125,
    177.20367431640625,
    268.0390319824219,
    257.1819152832031
  ]
}