{
  "model": "eegnet",
  "n_channels": 8,
  "n_timepoints": 250,
  "n_classes": 2,
  "emotions": [
    "sad",
    "happy"
  ],
  "fs": 250,
  "ch_mean": [
    0.1280241161584854,
    0.0926411971449852,
    -0.2164454609155655,
    0.30866605043411255,
    0.22363270819187164,
    0.2757050395011902,
    0.18286487460136414,
    1.2532180547714233
  ],
  "ch_std": [
    116.00810241699219,
    68.8177490234375,
    169.05648803710938,
    249.0274658203125,
    201.29852294921875,
    218.4559783935547,
    155.40602111816406,
    2479.32763671875
  ]
}