{
  "model": "eegnet",
  "n_channels": 8,
  "n_timepoints": 250,
  "n_classes": 2,
  "emotions": [
    "sad",
    "happy"
  ],
  "fs": 250,
  "ch_mean": [
    -0.8775476217269897,
    -0.5945523381233215,
    -0.3686448037624359,
    -0.4404465854167938,
    -0.398261696100235,
    -0.41538357734680176,
    -0.11564881354570389,
    -0.13257062435150146
  ],
  "ch_std": [
    46.22863006591797,
    30.549819946289062,
    26.58098602294922,
    34.588809967041016,
    25.158899307250977,
    35.52518844604492,
    24.52480125427246,
    27.942588806152344
  ]
}