{
  "n_channels": 8,
  "n_timepoints": 25,
  "n_classes": 4,
  "emotions": [
    "angry",
    "sad",
    "happy",
    "fear"
  ],
  "fs": 250,
  "ch_mean": [
    0.17051804065704346,
    0.43111276626586914,
    0.1404152661561966,
    0.19856368005275726,
    0.13619552552700043,
    0.08377464860677719,
    2.5404438019904774e-07,
    -0.044609103351831436
  ],
  "ch_std": [
    33.46160125732422,
    35.782142639160156,
    31.68474578857422,
    39.31332015991211,
    36.78335189819336,
    33.89008331298828,
    4.119553977943724e-07,
    34.47401428222656
  ]
}