{
  "model": "mlp",
  "n_channels": 8,
  "n_timepoints": 250,
  "n_classes": 2,
  "emotions": [
    "sad",
    "happy"
  ],
  "fs": 250,
  "ch_mean": [
    -0.36045899987220764,
    0.25735118985176086,
    -0.44794484972953796,
    0.09645232558250427,
    -0.18314474821090698,
    -0.2880569398403168,
    0.418497771024704,
    -0.2923620939254761
  ],
  "ch_std": [
    26.19027328491211,
    31.093303680419922,
    20.41942024230957,
    31.858835220336914,
    26.862058639526367,
    20.479204177856445,
    44.8991584777832,
    49.98276138305664
  ]
}