{
  "model": "eegnet",
  "n_channels": 8,
  "n_timepoints": 250,
  "n_classes": 3,
  "emotions": [
    "sad",
    "happy",
    "neutral"
  ],
  "fs": 250,
  "ch_mean": [
    0.06812102347612381,
    0.061051227152347565,
    -0.14474044740200043,
    0.2111271768808365,
    0.13496403396129608,
    0.18361984193325043,
    0.1153760626912117,
    2.0717549324035645
  ],
  "ch_std": [
    81.87603759765625,
    55.41339111328125,
    133.6859588623047,
    192.51136779785156,
    144.42596435546875,
    177.8414764404297,
    112.79206848144531,
    3691.11181640625
  ]
}