{
  "model": "eegnet",
  "n_channels": 8,
  "n_timepoints": 250,
  "n_classes": 2,
  "emotions": [
    "sad",
    "happy"
  ],
  "fs": 250,
  "ch_mean": [
    -0.3483809232711792,
    -0.491096556186676,
    -0.33120161294937134,
    -0.4299352765083313,
    -0.3424900770187378,
    -0.5521165728569031,
    -0.06986866146326065,
    -0.16631659865379333
  ],
  "ch_std": [
    28.81375503540039,
    24.94072723388672,
    20.712806701660156,
    26.458951950073242,
    17.96907615661621,
    33.9835319519043,
    17.16316032409668,
    19.960041046142578
  ]
}