{
  "model": "eegnet",
  "n_channels": 8,
  "n_timepoints": 250,
  "n_classes": 2,
  "emotions": [
    "sad",
    "happy"
  ],
  "fs": 250,
  "ch_mean": [
    0.10636209696531296,
    0.09361032396554947,
    -0.21787934005260468,
    0.3016882538795471,
    0.206739604473114,
    0.2798686921596527,
    0.17349642515182495,
    0.0835365280508995
  ],
  "ch_std": [
    98.96930694580078,
    67.73968505859375,
    163.68740844726562,
    233.75364685058594,
    176.7803497314453,
    217.71923828125,
    137.96414184570312,
    1425.341064453125
  ]
}